,Gender,Work_Location,Work_Life_Balance,Stress_Level,Social_Isolation_Frequency,Lack_Of_Team_Connection,Employer_Mental_Health_Support,stress_score
Gender,1.0,0.13923678804334444,-0.3061303428984252,-0.3061303428984252,-0.05503818222365218,-0.031249999999999976,-0.3181914485084343,-0.09550490901848434
Work_Location,0.13923678804334444,1.0,-0.07766389117063828,-0.07766389117063828,-0.1604475662694378,-0.017926948627268534,-0.04647477080732812,0.04835087892812152
Work_Life_Balance,-0.3061303428984252,-0.07766389117063828,1.0,1.0,-0.5458421062201827,-0.333877196206547,-0.07504495246468841,0.8815665996866228
Stress_Level,-0.3061303428984252,-0.07766389117063828,1.0,1.0,-0.5458421062201827,-0.333877196206547,-0.07504495246468841,0.8815665996866228
Social_Isolation_Frequency,-0.05503818222365218,-0.1604475662694378,-0.5458421062201827,-0.5458421062201827,1.0,0.37923637051198184,0.33850291468246074,-0.876729327423274
Lack_Of_Team_Connection,-0.031249999999999976,-0.017926948627268534,-0.333877196206547,-0.333877196206547,0.37923637051198184,1.0,0.1832485848776167,-0.389762414663591
Employer_Mental_Health_Support,-0.3181914485084343,-0.04647477080732812,-0.07504495246468841,-0.07504495246468841,0.33850291468246074,0.1832485848776167,1.0,-0.255121894701176
stress_score,-0.09550490901848434,0.04835087892812152,0.8815665996866228,0.8815665996866228,-0.876729327423274,-0.389762414663591,-0.255121894701176,1.0
