,Age,Gender,Years_of_Experience,Work_Location,Hours_Worked_Per_Week,Number_of_Virtual_Meetings,Work_Life_Balance_Rating,Stress_Level,Access_to_Mental_Health_Resources,Social_Isolation_Rating,Satisfaction_with_Remote_Work,Company_Support_for_Remote_Work,Work_Stress_Score
count,1305.0,1305.0,1305.0,1305.0,1305.0,1305.0,1305.0,1305.0,1305.0,1305.0,1305.0,1305.0,1305.0
mean,40.55862068965517,0.5088122605363985,17.850574712643677,1.9770114942528736,39.346360153256704,7.429885057471265,2.9800766283524904,1.989272030651341,0.4735632183908046,3.0015325670498085,2.003831417624521,2.9831417624521075,43.79616858237548
std,11.367122618484112,0.5001139893099871,10.052311872363914,0.8202341170480637,11.927035498190548,4.637787783371275,1.422184548442689,0.8091926827864242,0.4994920203573602,1.3829585447704495,0.8330688530304537,1.381747004460602,12.672605255403809
min,22.0,0.0,1.0,1.0,20.0,0.0,1.0,1.0,0.0,1.0,1.0,1.0,16.0
25%,30.0,0.0,9.0,1.0,29.0,3.0,2.0,1.0,0.0,2.0,1.0,2.0,33.0
50%,41.0,1.0,18.0,2.0,39.0,7.0,3.0,2.0,0.0,3.0,2.0,3.0,44.0
75%,50.0,1.0,26.0,3.0,50.0,11.0,4.0,3.0,1.0,4.0,3.0,4.0,54.0
max,60.0,1.0,35.0,3.0,60.0,15.0,5.0,3.0,1.0,5.0,3.0,5.0,74.0
